{
    "model_type": "Isolation Forest",
    "training_date": "2025-11-24 12:31:30",
    "data_info": {
        "input_file": "data/processed/1124_features.csv",
        "n_samples": 723,
        "n_features": 15,
        "feature_cols": [
            "accel_VectorRMS",
            "accel_PC1_PeakToPeak",
            "accel_VectorCrestFactor",
            "accel_PC1_DominantFreq",
            "accel_PC1_RMSF",
            "accel_PC1_VarianceRatio",
            "accel_PC1_Direction_X",
            "accel_PC1_Direction_Y",
            "accel_PC1_Direction_Z",
            "gyro_VectorRMS",
            "gyro_STD_X",
            "gyro_STD_Y",
            "gyro_STD_Z",
            "pressure_Mean",
            "temperature_Mean"
        ]
    },
    "model_params": {
        "contamination": "auto",
        "n_estimators": 100,
        "max_samples": "auto",
        "random_state": 42,
        "n_jobs": -1,
        "verbose": 0
    },
    "training_stats": {
        "normal_predictions": 656,
        "anomaly_predictions": 67,
        "anomaly_ratio": 0.09266943291839558,
        "score_mean": -0.4364411751935452,
        "score_std": 0.043671856845496654,
        "score_min": -0.626911180846024,
        "score_max": -0.3691628244120208,
        "score_median": -0.4267955677342438
    },
    "scaler_info": {
        "type": "StandardScaler",
        "feature_mean": [
            1.0385503532569624,
            0.9100011351548448,
            1.3154069637709973,
            0.7106500691562931,
            2.4129027913845973,
            0.6560530377368545,
            -0.9271129701349139,
            -0.019703687788635522,
            -0.05868066190394988,
            5.366673288092757,
            0.49172781247282277,
            2.8052358199482255,
            2.820465138799921,
            1017.9150068075728,
            24.891861168741354
        ],
        "feature_std": [
            0.017397677304234756,
            0.4078693442101193,
            0.16541820576620983,
            0.6038236789202236,
            0.2728694185093544,
            0.09194017886966963,
            0.2709600892351494,
            0.17250504896739907,
            0.18290030983050723,
            0.24995421888002145,
            0.10876104125727515,
            0.28560266728524747,
            0.2872978553685838,
            0.33723729906741023,
            0.33452878872736874
        ]
    }
}