{
  "model_type": "MLP Classifier (3-Level Alert System) - ONNX",
  "test_date": "2025-11-25 11:38:00",
  "data_split": {
    "train_samples": 3137,
    "test_samples": 554
  },
  "s1_metrics": {
    "accuracy": 1.0,
    "confusion_matrix": [
      [
        333,
        0,
        0
      ],
      [
        0,
        110,
        0
      ],
      [
        0,
        0,
        111
      ]
    ]
  },
  "s2_metrics": {
    "accuracy": 0.9855595667870036,
    "confusion_matrix": [
      [
        330,
        0,
        0
      ],
      [
        0,
        109,
        1
      ],
      [
        0,
        7,
        107
      ]
    ]
  },
  "overall_accuracy": 0.9855595667870036
}